{"sorrel": {"parts": ["tail", "legs", "fur", "hooves", "feet", "head"], "scraping_time": 6372.173522233963, "init_downs": [378, 432, 452, 468, 452, 450], "num_outliers": [32, 42, 37, 43, 38, 39], "num_dups": [94, 65, 83, 58, 65, 77], "final_downs": [252, 325, 332, 367, 349, 334]}, "zebra": {"parts": ["tail", "legs", "fur", "hooves", "feet", "head"], "scraping_time": 6660.466792106628, "init_downs": [414, 406, 447, 404, 410, 426], "num_outliers": [41, 35, 41, 36, 38, 38], "num_dups": [65, 78, 83, 76, 68, 83], "final_downs": [308, 293, 323, 292, 304, 305]}, "hog": {"parts": ["tail", "legs", "feet", "hooves", "curly tail", "fur", "udder", "head"], "scraping_time": 9447.538876056671, "init_downs": [428, 436, 359, 380, 415, 466, 434, 412], "num_outliers": [43, 40, 36, 36, 36, 44, 45, 44], "num_dups": [65, 60, 64, 70, 85, 46, 47, 82], "final_downs": [320, 336, 259, 274, 294, 376, 342, 286]}, "ox": {"parts": ["tail", "legs", "feet", "hooves", "fur", "dewlap", "head"], "scraping_time": 7081.512316465378, "init_downs": [413, 439, 423, 414, 433, 374, 408], "num_outliers": [34, 47, 41, 50, 40, 37, 42], "num_dups": [78, 40, 64, 58, 52, 62, 47], "final_downs": [301, 352, 318, 306, 341, 275, 319]}, "water buffalo": {"parts": ["hump", "tail", "legs", "fur", "hooves", "feet", "head"], "scraping_time": 6580.421967744827, "init_downs": [415, 424, 444, 431, 437, 451, 423], "num_outliers": [38, 38, 40, 39, 43, 42, 34], "num_dups": [58, 63, 72, 53, 61, 68, 111], "final_downs": [319, 323, 332, 339, 333, 341, 278]}, "bison": {"parts": ["hump", "tail", "legs", "fur", "hooves", "feet", "head"], "scraping_time": 7377.517112255096, "init_downs": [415, 429, 459, 418, 422, 442, 433], "num_outliers": [40, 45, 44, 40, 36, 44, 46], "num_dups": [68, 59, 48, 66, 66, 63, 110], "final_downs": [307, 325, 367, 312, 320, 335, 277]}, "ram": {"parts": ["legs", "feet", "fur", "hooves", "head"], "scraping_time": 5571.765086174011, "init_downs": [469, 450, 453, 402, 422], "num_outliers": [52, 47, 48, 35, 36], "num_dups": [55, 30, 47, 72, 85], "final_downs": [362, 373, 358, 295, 301]}, "ibex": {"parts": ["tail", "legs", "feet", "fur", "hooves", "head"], "scraping_time": 5977.6094925403595, "init_downs": [435, 392, 377, 440, 360, 395], "num_outliers": [41, 35, 33, 39, 30, 38], "num_dups": [60, 64, 63, 50, 83, 86], "final_downs": [334, 293, 281, 351, 247, 271]}, "Arabian camel": {"parts": ["long neck", "tail", "legs", "hooves", "feet", "fur", "hump", "head"], "scraping_time": 8506.386371135712, "init_downs": [393, 389, 356, 379, 385, 424, 401, 457], "num_outliers": [33, 33, 32, 33, 35, 39, 35, 38], "num_dups": [68, 67, 81, 75, 85, 76, 104, 86], "final_downs": [292, 289, 243, 271, 265, 309, 262, 333]}, "tabby": {"parts": ["head", "tail", "legs", "fur", "feet"], "scraping_time": 5574.984242200851, "init_downs": [437, 429, 439, 454, 457], "num_outliers": [35, 37, 36, 40, 46], "num_dups": [99, 81, 88, 82, 61], "final_downs": [303, 311, 315, 332, 350]}, "tiger cat": {"parts": ["head", "tail", "legs", "fur", "feet"], "scraping_time": 4862.815190553665, "init_downs": [442, 421, 443, 456, 454], "num_outliers": [40, 43, 39, 41, 42], "num_dups": [63, 44, 83, 100, 51], "final_downs": [339, 334, 321, 315, 361]}, "Persian cat": {"parts": ["head", "tail", "legs", "fur", "feet"], "scraping_time": 4754.834617614746, "init_downs": [457, 431, 501, 480, 459], "num_outliers": [40, 40, 48, 42, 52], "num_dups": [70, 60, 51, 80, 53], "final_downs": [347, 331, 402, 358, 354]}, "Siamese cat": {"parts": ["head", "tail", "legs", "fur", "feet"], "scraping_time": 4225.114450216293, "init_downs": [464, 438, 445, 433, 454], "num_outliers": [40, 43, 44, 33, 40], "num_dups": [106, 101, 71, 113, 77], "final_downs": [318, 294, 330, 287, 337]}, "Egyptian cat": {"parts": ["head", "tail", "legs", "fur", "feet"], "scraping_time": 4744.0758061409, "init_downs": [453, 419, 438, 463, 455], "num_outliers": [44, 44, 39, 42, 43], "num_dups": [80, 55, 96, 86, 80], "final_downs": [329, 320, 303, 335, 332]}, "cougar": {"parts": ["head", "tail", "legs", "feet", "fur"], "scraping_time": 4807.252227067947, "init_downs": [416, 385, 434, 404, 444], "num_outliers": [37, 39, 44, 40, 39], "num_dups": [98, 59, 46, 43, 80], "final_downs": [281, 287, 344, 321, 325]}, "lynx": {"parts": ["head", "tail", "legs", "fur", "feet"], "scraping_time": 5071.065824985504, "init_downs": [459, 404, 403, 458, 428], "num_outliers": [38, 35, 34, 41, 38], "num_dups": [78, 71, 60, 76, 65], "final_downs": [343, 298, 309, 341, 325]}, "leopard": {"parts": ["tail", "legs", "feet", "head", "fur"], "scraping_time": 6398.985724210739, "init_downs": [468, 432, 454, 434, 450], "num_outliers": [40, 40, 44, 35, 45], "num_dups": [91, 69, 51, 89, 64], "final_downs": [337, 323, 359, 310, 341]}, "snow leopard": {"parts": ["head", "tail", "legs", "fur", "feet"], "scraping_time": 5045.066711187363, "init_downs": [444, 401, 412, 505, 441], "num_outliers": [36, 32, 37, 55, 40], "num_dups": [104, 141, 83, 62, 89], "final_downs": [304, 228, 292, 388, 312]}, "jaguar": {"parts": ["head", "tail", "legs", "feet", "fur"], "scraping_time": 4923.22713637352, "init_downs": [424, 431, 420, 427, 438], "num_outliers": [40, 35, 43, 41, 39], "num_dups": [91, 80, 56, 71, 79], "final_downs": [293, 316, 321, 315, 320]}, "lion": {"parts": ["head", "tail", "legs", "feet", "fur"], "scraping_time": 4860.773081541061, "init_downs": [485, 421, 428, 386, 490], "num_outliers": [45, 36, 38, 33, 40], "num_dups": [78, 110, 83, 70, 96], "final_downs": [362, 275, 307, 283, 354]}, "tiger": {"parts": ["head", "tail", "legs", "feet", "fur", "ruff"], "scraping_time": 6056.556334972382, "init_downs": [431, 415, 452, 422, 441, 461], "num_outliers": [37, 43, 35, 37, 42, 46], "num_dups": [92, 87, 122, 106, 120, 65], "final_downs": [302, 285, 295, 279, 279, 350]}, "cheetah": {"parts": ["head", "tail", "legs", "fur", "feet"], "scraping_time": 6112.294926166534, "init_downs": [420, 419, 432, 508, 438], "num_outliers": [31, 40, 40, 51, 38], "num_dups": [106, 89, 100, 89, 96], "final_downs": [283, 290, 292, 368, 304]}, "loggerhead": {"parts": ["scales", "shell", "tail", "head", "flippers"], "scraping_time": 6211.919838190079, "init_downs": [450, 471, 459, 464, 448], "num_outliers": [51, 50, 45, 43, 50], "num_dups": [68, 67, 71, 113, 70], "final_downs": [331, 354, 343, 308, 328]}, "leatherback turtle": {"parts": ["scales", "shell", "tail", "head", "flippers"], "scraping_time": 5851.644753694534, "init_downs": [472, 431, 438, 454, 452], "num_outliers": [51, 43, 37, 41, 43], "num_dups": [81, 102, 76, 87, 88], "final_downs": [340, 286, 325, 326, 321]}, "mud turtle": {"parts": ["scales", "shell", "tail", "head", "flippers"], "scraping_time": 4953.248390674591, "init_downs": [486, 447, 458, 426, 494], "num_outliers": [48, 39, 40, 36, 44], "num_dups": [77, 115, 82, 89, 58], "final_downs": [361, 293, 336, 301, 392]}, "terrapin": {"parts": ["scales", "shell", "tail", "head", "flippers"], "scraping_time": 5913.445090055466, "init_downs": [407, 495, 471, 446, 488], "num_outliers": [41, 46, 46, 43, 49], "num_dups": [53, 68, 70, 55, 56], "final_downs": [313, 381, 355, 348, 383]}, "box turtle": {"parts": ["scales", "shell", "tail", "head", "flippers"], "scraping_time": 6394.308808803558, "init_downs": [448, 434, 461, 444, 451], "num_outliers": [34, 34, 42, 39, 39], "num_dups": [116, 120, 95, 89, 74], "final_downs": [298, 280, 324, 316, 338]}, "common iguana": {"parts": ["scales", "legs", "feet", "head", "dewlap", "tail"], "scraping_time": 6777.581113815308, "init_downs": [487, 446, 482, 430, 443, 458], "num_outliers": [38, 39, 39, 34, 35, 39], "num_dups": [109, 94, 91, 113, 119, 82], "final_downs": [340, 313, 352, 283, 289, 337]}, "American alligator": {"parts": ["legs", "feet", "head", "tail", "scales"], "scraping_time": 4769.386646032333, "init_downs": [441, 415, 439, 490, 457], "num_outliers": [47, 40, 36, 51, 43], "num_dups": [80, 74, 105, 62, 62], "final_downs": [314, 301, 298, 377, 352]}, "rock python": {"parts": ["scales", "head"], "scraping_time": 1849.3727209568024, "init_downs": [459, 403], "num_outliers": [41, 40], "num_dups": [90, 101], "final_downs": [328, 262]}, "diamondback": {"parts": ["scales", "tail", "head"], "scraping_time": 2918.8815631866455, "init_downs": [416, 437, 460], "num_outliers": [35, 33, 40], "num_dups": [102, 115, 103], "final_downs": [279, 289, 317]}, "sidewinder": {"parts": ["scales", "tail", "head"], "scraping_time": 3056.5471715927124, "init_downs": [441, 443, 429], "num_outliers": [58, 45, 42], "num_dups": [58, 68, 71], "final_downs": [325, 330, 316]}, "dishwasher": {"parts": ["racks", "push-buttons", "knob", "door"], "scraping_time": 4220.255281925201, "init_downs": [425, 415, 429, 382], "num_outliers": [34, 40, 41, 34], "num_dups": [103, 53, 65, 60], "final_downs": [288, 322, 323, 288]}, "Dutch oven": {"parts": ["knob", "racks", "door"], "scraping_time": 3060.6093542575836, "init_downs": [481, 446, 437], "num_outliers": [39, 46, 41], "num_dups": [160, 76, 100], "final_downs": [282, 324, 296]}, "microwave": {"parts": ["push-buttons", "monitor", "door"], "scraping_time": 3223.4676179885864, "init_downs": [531, 407, 401], "num_outliers": [46, 41, 41], "num_dups": [125, 67, 64], "final_downs": [360, 299, 296]}, "rotisserie": {"parts": ["knob", "racks", "door"], "scraping_time": 3341.6999192237854, "init_downs": [461, 433, 415], "num_outliers": [50, 43, 36], "num_dups": [90, 79, 71], "final_downs": [321, 311, 308]}, "stove": {"parts": ["knob", "door", "oven", "racks", "hob on top"], "scraping_time": 5354.544633626938, "init_downs": [443, 467, 441, 496, 469], "num_outliers": [38, 44, 37, 46, 38], "num_dups": [86, 85, 102, 37, 126], "final_downs": [319, 338, 302, 413, 305]}, "toaster": {"parts": ["push-buttons", "knob", "slots", "lever"], "scraping_time": 5064.87979221344, "init_downs": [448, 449, 472, 418], "num_outliers": [40, 43, 37, 34], "num_dups": [85, 91, 134, 169], "final_downs": [323, 315, 301, 215]}, "broom": {"parts": ["handle", "bristles"], "scraping_time": 2260.5742774009705, "init_downs": [458, 426], "num_outliers": [30, 32], "num_dups": [200, 129], "final_downs": [228, 265]}, "hammer": {"parts": ["head", "handle"], "scraping_time": 2146.458201646805, "init_downs": [457, 471], "num_outliers": [32, 35], "num_dups": [156, 174], "final_downs": [269, 262]}, "hatchet": {"parts": ["handle", "head"], "scraping_time": 2489.2805376052856, "init_downs": [477, 467], "num_outliers": [41, 48], "num_dups": [121, 70], "final_downs": [315, 349]}, "power drill": {"parts": ["trigger", "handle", "threads", "enclosure"], "scraping_time": 4419.113538265228, "init_downs": [446, 457, 474, 457], "num_outliers": [40, 35, 44, 44], "num_dups": [97, 118, 81, 66], "final_downs": [309, 304, 349, 347]}, "screw": {"parts": ["flat head", "threads"], "scraping_time": 1821.373791694641, "init_downs": [463, 393], "num_outliers": [34, 49], "num_dups": [149, 73], "final_downs": [280, 271]}, "screwdriver": {"parts": ["handle", "shaft", "contoured head"], "scraping_time": 2917.955185174942, "init_downs": [417, 429, 440], "num_outliers": [27, 28, 28], "num_dups": [170, 160, 163], "final_downs": [220, 241, 249]}, "shovel": {"parts": ["handle", "shaft", "blade"], "scraping_time": 2536.5581591129303, "init_downs": [446, 405, 413], "num_outliers": [27, 26, 26], "num_dups": [188, 181, 188], "final_downs": [231, 198, 199]}, "airliner": {"parts": ["nose", "windows", "wheels", "turbines", "door", "wings", "fins", "propeller", "tail"], "scraping_time": 8066.256768465042, "init_downs": [439, 449, 483, 447, 413, 430, 400, 454, 478], "num_outliers": [43, 39, 48, 46, 34, 56, 41, 46, 43], "num_dups": [78, 73, 76, 63, 101, 53, 64, 64, 41], "final_downs": [318, 337, 359, 338, 278, 321, 295, 344, 394]}, "ambulance": {"parts": ["coachwork", "bumper", "siren", "windows", "cargo space", "wheels", "door", "number plate", "mirror", "bonnet", "light", "roof"], "scraping_time": 5621.443706512451, "init_downs": [318, 100, 100, 99, 99, 100, 100, 405, 359, 433, 458, 449], "num_outliers": [31, 11, 7, 8, 12, 10, 17, 40, 32, 39, 43, 34], "num_dups": [40, 19, 28, 27, 26, 33, 27, 71, 83, 69, 72, 103], "final_downs": [247, 70, 65, 64, 61, 57, 56, 294, 244, 325, 343, 312]}, "barrow": {"parts": ["handle", "draw bar", "wheels", "container"], "scraping_time": 3735.6429619789124, "init_downs": [440, 412, 412, 418], "num_outliers": [36, 40, 35, 37], "num_dups": [120, 61, 102, 61], "final_downs": [284, 311, 275, 320]}, "beach wagon": {"parts": ["wheels", "steering wheel", "windows", "mirror", "light", "number plate", "bonnet", "trunk", "roof", "bumper", "door", "belts"], "scraping_time": 11452.82010960579, "init_downs": [474, 456, 448, 476, 492, 439, 490, 487, 437, 491, 460, 464], "num_outliers": [36, 37, 41, 52, 40, 40, 46, 38, 31, 43, 35, 39], "num_dups": [137, 118, 94, 61, 119, 65, 91, 120, 118, 102, 119, 138], "final_downs": [301, 301, 313, 363, 333, 334, 353, 329, 288, 346, 306, 287]}, "bicycle-built-for-two": {"parts": ["step-through frame", "fork", "wheels", "chain", "gears", "handlebar", "brakes", "seat", "pedals"], "scraping_time": 11018.568655490875, "init_downs": [496, 469, 449, 504, 456, 468, 464, 464, 510], "num_outliers": [38, 40, 43, 46, 41, 46, 40, 40, 49], "num_dups": [149, 78, 61, 68, 61, 53, 67, 92, 48], "final_downs": [309, 351, 345, 390, 354, 369, 357, 332, 413]}, "cab": {"parts": ["coachwork", "bumper", "wheels", "door", "windows", "roof", "bonnet", "light", "trunk", "mirror", "number plate"], "scraping_time": 12176.76973080635, "init_downs": [454, 474, 464, 468, 437, 498, 482, 447, 444, 416, 436], "num_outliers": [46, 49, 42, 42, 64, 52, 50, 42, 39, 39, 44], "num_dups": [53, 66, 56, 65, 66, 44, 46, 65, 61, 55, 57], "final_downs": [355, 359, 366, 361, 307, 402, 386, 340, 344, 322, 335]}, "convertible": {"parts": ["wheels", "steering wheel", "windows", "mirror", "light", "number plate", "bonnet", "trunk", "roof", "bumper", "door", "belts"], "scraping_time": 12107.420185089111, "init_downs": [447, 492, 415, 474, 442, 439, 438, 436, 459, 462, 444, 454], "num_outliers": [39, 46, 38, 46, 37, 47, 41, 36, 42, 40, 40, 49], "num_dups": [58, 49, 76, 40, 82, 48, 63, 82, 52, 61, 70, 68], "final_downs": [350, 397, 301, 388, 323, 344, 334, 318, 365, 361, 334, 337]}, "fire engine": {"parts": ["coachwork", "windows", "wheels", "bumper", "mirror", "number plate", "bonnet", "light", "cabin", "trailer", "container", "door", "roof"], "scraping_time": 13736.978969573975, "init_downs": [437, 443, 444, 458, 463, 464, 454, 414, 493, 437, 438, 444, 433], "num_outliers": [46, 42, 41, 41, 42, 51, 40, 43, 51, 45, 46, 42, 44], "num_dups": [50, 81, 60, 83, 57, 37, 82, 60, 43, 64, 51, 63, 60], "final_downs": [341, 320, 343, 334, 364, 376, 332, 311, 399, 328, 341, 339, 329]}, "freight car": {"parts": ["wheels", "steering wheel", "windows", "mirror", "light", "number plate", "bonnet", "trunk", "roof", "bumper", "door", "belts"], "scraping_time": 13994.14265871048, "init_downs": [437, 477, 464, 445, 454, 484, 520, 479, 424, 419, 444, 474], "num_outliers": [38, 56, 46, 47, 39, 46, 55, 45, 34, 44, 43, 47], "num_dups": [64, 29, 64, 49, 67, 43, 58, 81, 83, 59, 59, 40], "final_downs": [335, 392, 354, 349, 348, 395, 407, 353, 307, 316, 342, 387]}, "garbage truck": {"parts": ["coachwork", "windows", "wheels", "bumper", "mirror", "number plate", "bonnet", "light", "cabin", "trailer", "container", "door", "roof"], "scraping_time": 11588.369087219238, "init_downs": [341, 401, 455, 430, 424, 412, 485, 426, 475, 400, 458, 433, 390], "num_outliers": [32, 38, 44, 37, 46, 42, 48, 31, 42, 34, 39, 41, 39], "num_dups": [47, 71, 60, 68, 79, 62, 67, 115, 59, 74, 58, 56, 43], "final_downs": [262, 292, 351, 325, 299, 308, 370, 280, 374, 292, 361, 336, 308]}, "horse cart": {"parts": ["frame", "wheels", "container", "handlebar"], "scraping_time": 3638.4521708488464, "init_downs": [450, 424, 426, 451], "num_outliers": [45, 38, 38, 45], "num_dups": [46, 100, 49, 39], "final_downs": [359, 286, 339, 367]}, "jeep": {"parts": ["coachwork", "wheels", "steering wheel", "windows", "roof", "light", "mirror", "number plate", "trunk", "bonnet", "spare tire", "bumper", "door"], "scraping_time": 14454.838096618652, "init_downs": [409, 432, 434, 442, 440, 434, 433, 477, 451, 422, 443, 471, 441], "num_outliers": [36, 37, 33, 36, 37, 38, 39, 53, 36, 34, 36, 35, 38], "num_dups": [59, 82, 103, 99, 99, 79, 97, 46, 91, 91, 100, 147, 71], "final_downs": [314, 313, 298, 307, 304, 317, 297, 378, 324, 297, 307, 289, 332]}, "jinrikisha": {"parts": ["frame", "wheels", "container", "handlebar"], "scraping_time": 4812.776429891586, "init_downs": [481, 504, 387, 316], "num_outliers": [47, 45, 37, 25], "num_dups": [61, 56, 66, 73], "final_downs": [373, 403, 284, 218]}, "limousine": {"parts": ["number plate", "coachwork", "bumper", "windows", "door", "wheels", "bonnet", "light", "roof", "trunk", "mirror"], "scraping_time": 9197.809698343277, "init_downs": [425, 432, 459, 431, 493, 499, 426, 482, 456, 473, 446], "num_outliers": [39, 39, 38, 38, 46, 45, 37, 42, 39, 43, 43], "num_dups": [61, 50, 73, 62, 38, 48, 58, 80, 60, 72, 46], "final_downs": [325, 343, 348, 331, 409, 406, 331, 360, 357, 358, 357]}, "minibus": {"parts": ["coachwork", "bumper", "windows", "wheels", "mirror", "light", "door", "roof", "number plate"], "scraping_time": 7243.939978122711, "init_downs": [452, 462, 462, 502, 469, 480, 455, 436, 445], "num_outliers": [41, 40, 45, 45, 50, 42, 42, 35, 40], "num_dups": [50, 73, 59, 53, 53, 75, 54, 84, 46], "final_downs": [361, 349, 358, 404, 366, 363, 359, 317, 359]}, "minivan": {"parts": ["wheels", "steering wheel", "windows", "mirror", "light", "number plate", "bonnet", "trunk", "roof", "bumper", "door", "belts"], "scraping_time": 14328.402821779251, "init_downs": [434, 457, 460, 442, 432, 455, 411, 475, 474, 419, 492, 493], "num_outliers": [39, 37, 42, 41, 36, 46, 36, 40, 44, 35, 42, 49], "num_dups": [66, 83, 78, 48, 63, 50, 52, 90, 78, 97, 88, 47], "final_downs": [329, 337, 340, 353, 333, 359, 323, 345, 352, 287, 362, 397]}, "mobile home": {"parts": ["windows", "roof", "wheels", "draw bar", "door"], "scraping_time": 6114.979467868805, "init_downs": [384, 428, 428, 478, 468], "num_outliers": [33, 36, 40, 48, 37], "num_dups": [91, 74, 86, 70, 117], "final_downs": [260, 318, 302, 360, 314]}, "Model T": {"parts": ["wheels", "steering wheel", "windows", "mirror", "light", "number plate", "bonnet", "trunk", "roof", "bumper", "door", "belts"], "scraping_time": 9517.822490215302, "init_downs": [454, 381, 437, 419, 421, 432, 489, 390, 388, 492, 417, 425], "num_outliers": [42, 30, 42, 35, 36, 39, 45, 37, 33, 43, 32, 37], "num_dups": [66, 89, 40, 65, 69, 62, 65, 55, 69, 70, 118, 53], "final_downs": [346, 262, 355, 319, 316, 331, 379, 298, 286, 379, 267, 335]}, "moped": {"parts": ["frame", "seat", "wheels", "light", "exhaust pipe", "stand", "mudguard", "handlebar", "tank", "windshield", "mirror"], "scraping_time": 10046.22609090805, "init_downs": [403, 438, 445, 497, 446, 424, 462, 438, 415, 438, 505], "num_outliers": [39, 38, 40, 48, 39, 43, 41, 43, 44, 40, 52], "num_dups": [77, 97, 86, 36, 106, 58, 63, 62, 55, 55, 48], "final_downs": [287, 303, 319, 413, 301, 323, 358, 333, 316, 343, 405]}, "motor scooter": {"parts": ["step-through frame", "seat", "wheels", "mirror", "brakes", "light", "exhaust pipe", "stand", "mudguard", "handlebar", "floorboard"], "scraping_time": 10343.053137779236, "init_downs": [527, 448, 474, 564, 478, 478, 554, 484, 504, 442, 513], "num_outliers": [46, 39, 37, 55, 48, 41, 51, 43, 50, 42, 52], "num_dups": [123, 106, 107, 34, 69, 69, 69, 119, 39, 55, 46], "final_downs": [358, 303, 330, 475, 361, 368, 434, 322, 415, 345, 415]}, "mountain bike": {"parts": ["step-through frame", "fork", "wheels", "chain", "gears", "handlebar", "brakes", "seat", "pedals"], "scraping_time": 9411.378731489182, "init_downs": [469, 471, 494, 453, 459, 497, 475, 507, 525], "num_outliers": [35, 41, 42, 41, 36, 42, 42, 39, 48], "num_dups": [159, 101, 72, 57, 108, 93, 65, 140, 78], "final_downs": [275, 329, 380, 355, 315, 362, 368, 328, 399]}, "moving van": {"parts": ["coachwork", "windows", "roof", "wheels", "bonnet", "light", "mirror", "number plate", "bumper", "cargo space", "door", "bonnet"], "scraping_time": 14286.927160978317, "init_downs": [551, 436, 476, 527, 540, 531, 530, 528, 479, 472, 553, 620], "num_outliers": [70, 60, 42, 49, 59, 58, 56, 52, 50, 40, 60, 71], "num_dups": [32, 60, 85, 58, 96, 40, 27, 38, 64, 81, 64, 55], "final_downs": [449, 316, 349, 420, 385, 433, 447, 438, 365, 351, 429, 494]}, "oxcart": {"parts": ["frame", "wheels", "container", "handlebar"], "scraping_time": 4979.872829437256, "init_downs": [446, 422, 474, 408], "num_outliers": [47, 35, 50, 44], "num_dups": [62, 100, 63, 66], "final_downs": [337, 287, 361, 298]}, "passenger car": {"parts": ["wheels", "steering wheel", "windows", "mirror", "light", "number plate", "bonnet", "trunk", "roof", "bumper", "door", "belts"], "scraping_time": 13123.002467393875, "init_downs": [448, 511, 430, 449, 488, 414, 444, 464, 424, 451, 401, 443], "num_outliers": [41, 50, 44, 37, 47, 35, 43, 43, 41, 44, 41, 41], "num_dups": [82, 49, 59, 71, 55, 62, 48, 58, 66, 75, 53, 57], "final_downs": [325, 412, 327, 341, 386, 317, 353, 363, 317, 332, 307, 345]}, "pickup": {"parts": ["coachwork", "windows", "wheels", "bumper", "mirror", "number plate", "bonnet", "light", "cabin", "trailer", "container", "door", "roof"], "scraping_time": 15726.157973051071, "init_downs": [460, 453, 463, 449, 488, 468, 502, 458, 471, 439, 462, 456, 485], "num_outliers": [46, 44, 46, 38, 42, 49, 49, 42, 42, 42, 43, 42, 43], "num_dups": [60, 48, 82, 84, 80, 35, 38, 54, 73, 95, 67, 62, 72], "final_downs": [354, 361, 335, 327, 366, 384, 415, 362, 356, 302, 352, 352, 370]}, "police van": {"parts": ["wheels", "steering wheel", "windows", "mirror", "light", "number plate", "bonnet", "trunk", "roof", "bumper", "door", "belts"], "scraping_time": 10125.35309433937, "init_downs": [412, 411, 430, 475, 483, 447, 406, 446, 401, 440, 482, 454], "num_outliers": [33, 35, 52, 46, 45, 40, 37, 46, 36, 52, 49, 43], "num_dups": [82, 61, 47, 53, 65, 65, 44, 66, 48, 48, 53, 61], "final_downs": [297, 315, 331, 376, 373, 342, 325, 334, 317, 340, 380, 350]}, "racer": {"parts": ["wheels", "steering wheel", "windows", "mirror", "light", "number plate", "bonnet", "trunk", "roof", "bumper", "door", "belts"], "scraping_time": 11659.201725006104, "init_downs": [415, 448, 430, 506, 470, 448, 448, 488, 483, 489, 446, 480], "num_outliers": [34, 34, 38, 49, 48, 49, 35, 47, 50, 48, 42, 61], "num_dups": [95, 143, 75, 59, 62, 65, 94, 86, 36, 58, 48, 65], "final_downs": [286, 271, 317, 398, 360, 334, 319, 355, 397, 383, 356, 354]}, "school bus": {"parts": ["coachwork", "bumper", "windows", "wheels", "mirror", "light", "door", "roof", "number plate"], "scraping_time": 8821.401971817017, "init_downs": [490, 429, 450, 469, 386, 471, 418, 450, 456], "num_outliers": [47, 38, 42, 44, 36, 50, 34, 34, 45], "num_dups": [56, 62, 83, 70, 74, 78, 113, 112, 54], "final_downs": [387, 329, 325, 355, 276, 343, 271, 304, 357]}, "shopping cart": {"parts": ["frame", "wheels", "container", "handlebar"], "scraping_time": 4328.197860479355, "init_downs": [413, 445, 446, 499], "num_outliers": [39, 37, 38, 51], "num_dups": [104, 128, 135, 85], "final_downs": [270, 280, 273, 363]}, "sports car": {"parts": ["wheels", "steering wheel", "windows", "mirror", "light", "number plate", "bonnet", "trunk", "roof", "bumper", "door", "belts"], "scraping_time": 14921.32690024376, "init_downs": [471, 485, 481, 442, 509, 476, 487, 507, 474, 433, 471, 470], "num_outliers": [43, 41, 41, 43, 45, 46, 46, 50, 42, 40, 39, 45], "num_dups": [69, 95, 78, 57, 66, 69, 57, 46, 67, 52, 76, 69], "final_downs": [359, 349, 362, 342, 398, 361, 384, 411, 365, 341, 356, 356]}, "streetcar": {"parts": ["handlebar", "wheels", "platform"], "scraping_time": 3811.710716485977, "init_downs": [480, 451, 416], "num_outliers": [48, 46, 37], "num_dups": [49, 62, 57], "final_downs": [383, 343, 322]}, "tow truck": {"parts": ["coachwork", "windows", "wheels", "bumper", "mirror", "number plate", "bonnet", "light", "cabin", "trailer", "container", "door", "roof"], "scraping_time": 13697.327353715897, "init_downs": [480, 423, 456, 442, 503, 443, 491, 485, 491, 471, 454, 441, 436], "num_outliers": [42, 43, 38, 42, 53, 45, 52, 51, 46, 41, 39, 41, 42], "num_dups": [54, 77, 87, 62, 53, 49, 32, 58, 49, 65, 68, 48, 57], "final_downs": [384, 303, 331, 338, 397, 349, 407, 376, 396, 365, 347, 352, 337]}, "tractor": {"parts": ["coachwork", "bumper", "wheels", "steering wheel", "light", "bonnet", "brakes", "loader", "seat"], "scraping_time": 9685.684112787247, "init_downs": [433, 451, 433, 364, 497, 417, 427, 518, 389], "num_outliers": [38, 41, 44, 29, 50, 34, 44, 49, 26], "num_dups": [63, 71, 80, 96, 82, 74, 65, 57, 137], "final_downs": [332, 339, 309, 239, 365, 309, 318, 412, 226]}, "trailer truck": {"parts": ["coachwork", "windows", "wheels", "bumper", "mirror", "number plate", "bonnet", "light", "cabin", "trailer", "container", "door", "roof"], "scraping_time": 14635.496777534485, "init_downs": [445, 421, 483, 462, 451, 452, 462, 458, 421, 529, 452, 466, 466], "num_outliers": [45, 43, 46, 41, 42, 40, 46, 43, 36, 55, 38, 42, 43], "num_dups": [40, 49, 61, 78, 69, 62, 57, 54, 66, 32, 80, 108, 56], "final_downs": [360, 329, 376, 343, 340, 350, 359, 361, 319, 442, 334, 316, 367]}, "trolleybus": {"parts": ["coachwork", "bumper", "windows", "wheels", "mirror", "light", "door", "roof", "number plate"], "scraping_time": 10093.940260887146, "init_downs": [406, 447, 455, 413, 423, 455, 438, 456, 433], "num_outliers": [36, 42, 55, 38, 47, 43, 42, 41, 41], "num_dups": [42, 50, 67, 83, 60, 69, 53, 64, 48], "final_downs": [328, 355, 333, 292, 316, 343, 343, 351, 344]}, "unicycle": {"parts": ["seat", "wheel", "frame", "fork", "pedals"], "scraping_time": 6007.870685100555, "init_downs": [440, 466, 442, 440, 434], "num_outliers": [36, 38, 46, 29, 41], "num_dups": [113, 166, 122, 168, 89], "final_downs": [291, 262, 274, 243, 304]}}